"Severity","Code","File","Line","Message","Details"
"Risk","ModulesDirectoryCaseMismatch","resources/js/Modules","0","Actual modules directory is 'Modules', but canonical lowercase target is 'modules'.","Linux/Docker/CentOS/Debian filesystems are case-sensitive. tsconfig/jsconfig point to ./resources/js/modules/."
"Warning","RelativeImportInsideModule","resources/js/Modules/TalkStream/api/talkstream.ts","2","Relative import '../types' is used inside TalkStream module.","Module rule: internal dependencies should grow from @/modules/TalkStream/... or @modules/TalkStream/..., not from ./ or ../."
"Warning","RelativeImportInsideModule","resources/js/Modules/TalkStream/Components/MessageList.vue","8","Relative import './MessageItem.vue' is used inside TalkStream module.","Module rule: internal dependencies should grow from @/modules/TalkStream/... or @modules/TalkStream/..., not from ./ or ../."
"Warning","ExtensionInInternalImport","resources/js/Modules/TalkStream/Talks/Contacts.vue","44","Import '@modules/TalkStream/Subscriptions/friendshipEventsHandler.js' contains explicit .ts/.js extension.","Project rule for internal imports: no .ts/.js extensions in paths."
"Medium","Secret_GENERIC_SECRET_ASSIGNMENT","resources/js/Modules/TalkStream/plugins/echoTalkStream.ts","30","Possible secret found: GENERIC_SECRET_ASSIGNMENT.","Redacted: ********"
"Medium","Secret_GENERIC_SECRET_ASSIGNMENT","tools/modules/TalkStream/ScriptTalkStreamAudit/snapshots/TALKSTREAM_PRE_REFACTOR_2026-10-04.txt","1651","Possible secret found: GENERIC_SECRET_ASSIGNMENT.","Redacted: ********"
"Medium","Secret_GENERIC_SECRET_ASSIGNMENT","tools/modules/TalkStream/ScriptTalkStreamAudit/reports/TALKSTREAM_AUDIT_2026-10-04_18-09-48.txt","1651","Possible secret found: GENERIC_SECRET_ASSIGNMENT.","Redacted: ********"
"Medium","Secret_GENERIC_SECRET_ASSIGNMENT","tools/modules/TalkStream/ScriptTalkStreamAudit/reports/TALKSTREAM_AUDIT_2026-10-04_18-18-02.txt","1651","Possible secret found: GENERIC_SECRET_ASSIGNMENT.","Redacted: ********"
"Medium","Secret_GENERIC_SECRET_ASSIGNMENT","tools/modules/TalkStream/ScriptTalkStreamAudit/reports/TALKSTREAM_AUDIT_2026-10-04_22-00-31.txt","1652","Possible secret found: GENERIC_SECRET_ASSIGNMENT.","Redacted: ********"
"Medium","Secret_GENERIC_SECRET_ASSIGNMENT","tools/modules/TalkStream/ScriptTalkStreamAudit/reports/TALKSTREAM_AUDIT_LATEST.txt","1734","Possible secret found: GENERIC_SECRET_ASSIGNMENT.","Redacted: ********"
"Medium","Secret_GENERIC_SECRET_ASSIGNMENT","tools/modules/TalkStream/ScriptTalkStreamAudit/reports/TALKSTREAM_AUDIT_Level_1_2026-10-04_22-19-48.txt","1653","Possible secret found: GENERIC_SECRET_ASSIGNMENT.","Redacted: ********"
"Medium","Secret_GENERIC_SECRET_ASSIGNMENT","tools/modules/TalkStream/ScriptTalkStreamAudit/reports/TALKSTREAM_AUDIT_Level_2_2026-10-04_22-35-48.txt","1714","Possible secret found: GENERIC_SECRET_ASSIGNMENT.","Redacted: ********"
"Medium","Secret_GENERIC_SECRET_ASSIGNMENT","tools/modules/TalkStream/ScriptTalkStreamAudit/reports/TALKSTREAM_AUDIT_Level_2_Done_2026-10-04_22-40-52.txt","1714","Possible secret found: GENERIC_SECRET_ASSIGNMENT.","Redacted: ********"
"Medium","Secret_GENERIC_SECRET_ASSIGNMENT","tools/modules/TalkStream/ScriptTalkStreamAudit/reports/TALKSTREAM_AUDIT_Level_3.1_2026-10-05_01-01-26.txt","2341","Possible secret found: GENERIC_SECRET_ASSIGNMENT.","Redacted: ********"
"Medium","Secret_GENERIC_SECRET_ASSIGNMENT","tools/modules/TalkStream/ScriptTalkStreamAudit/reports/TALKSTREAM_AUDIT_Level_3.2_2026-10-05_03-49-19.txt","1765","Possible secret found: GENERIC_SECRET_ASSIGNMENT.","Redacted: ********"
"Medium","Secret_GENERIC_SECRET_ASSIGNMENT","tools/modules/TalkStream/ScriptTalkStreamAudit/reports/TALKSTREAM_AUDIT_Level_3.3_2026-10-05_07-23-20.txt","1689","Possible secret found: GENERIC_SECRET_ASSIGNMENT.","Redacted: ********"
"Medium","Secret_GENERIC_SECRET_ASSIGNMENT","tools/modules/TalkStream/ScriptTalkStreamAudit/reports/TALKSTREAM_AUDIT_Level_3.4_2026-10-05_10-12-14.txt","1623","Possible secret found: GENERIC_SECRET_ASSIGNMENT.","Redacted: ********"
"Medium","Secret_GENERIC_SECRET_ASSIGNMENT","tools/modules/TalkStream/ScriptTalkStreamAudit/reports/TALKSTREAM_AUDIT_Level_3.5_2026-10-05_22-44-46.txt","1641","Possible secret found: GENERIC_SECRET_ASSIGNMENT.","Redacted: ********"
"Medium","Secret_GENERIC_SECRET_ASSIGNMENT","tools/modules/TalkStream/ScriptTalkStreamAudit/reports/TALKSTREAM_AUDIT_Level_3.6_2026-10-06_02-16-30.txt","1734","Possible secret found: GENERIC_SECRET_ASSIGNMENT.","Redacted: ********"
"Medium","Secret_GENERIC_SECRET_ASSIGNMENT","tools/modules/TalkStream/ScriptTalkStreamAudit/reports/TALKSTREAM_AUDIT_Level_3_2026-10-04_22-56-50.txt","1715","Possible secret found: GENERIC_SECRET_ASSIGNMENT.","Redacted: ********"
